[
	{
		"code": "frugalforming",
		"type": "positive",
		"attributes": {
			"clayformingPoints": 15
		}
	},
	{
		"code": "locustlover",
		"type": "positive",
		"attributes": {}
	},
	{
		"code": "zealot",
		"type": "positive",
		"attributes": {}
	},
	{
		"code": "claustrophobicblessed",
		"type": "negative",
		"attributes": {
			"caveStabilityLoss": 0.25
		}
	},
	{
		"code": "carpenter",
		"type": "positive",
		"attributes": {}
	},
	{
		"code": "masquemonger",
		"type": "positive",
		"attributes": {}
	},
	{
		"code": "specialstock",
		"type": "positive",
		"attributes": {}
	},
	{
		"code": "silvertongue",
		"type": "positive",
		"attributes": {}
	},
	{
		"code": "shelteredstone",
		"type": "positive",
		"attributes": {}
	},
	{
		"code": "agoraphobia",
		"type": "negative",
		"attributes": {
			"surfaceStabilityLoss": -0.008
		}
	},
	{
		"code": "smith",
		"type": "positive",
		"attributes": {}
	},
	{
		"code": "dragonskin",
		"type": "positive",
		"attributes": {
			"fireDamage": -0.75
		}
	},
	{
		"code": "recycler",
		"type": "positive",
		"attributes": {}
	},
	{
		"code": "tallowtanner",
		"type": "positive",
		"attributes": {}
	},
	{
		"code": "scrounger",
		"type": "positive",
		"attributes": {
			"wildCropDropRate": 0.65,
			"forageDropRate": 0.75
		}
	},
	{
		"code": "fleetfootedblessed",
		"type": "positive",
		"attributes": {
			"walkspeed": 0.25
		}
	},
	{
		"code": "fasting",
		"type": "positive",
		"attributes": {
			"hungerrate": -0.35
		}
	},
	{
		"code": "weakblessed",
		"type": "negative",
		"attributes": {
			"maxhealthExtraPoints": -8
		}
	},
	{
		"code": "erroneousaim",
		"type": "negative",
		"attributes": {
			"bowDrawingStrength": -0.3,
			"rangedWeaponsAcc": -0.2,
			"rangedWeaponsSpeed": -0.3
		}
	},
	{
		"code": "scavenger",
		"type": "positive",
		"attributes": {
			"wildCropDropRate": 0.35,
			"forageDropRate": 0.55
		}
	},
	{
		"code": "squeamish",
		"type": "negative",
		"attributes": {
			"animalLootDropRate": -0.25,
			"animalHarvestingTime": 0.1
		}
	},
	{
		"code": "soldierblessed",
		"type": "positive",
		"attributes": {
			"meleeWeaponsDamage": 0.50,
			"armorDurabilityLoss": -0.5,
			"armorWalkSpeedAffectedness": -0.75
		}
	},
	{
		"code": "hardyblessed",
		"type": "positive",
		"attributes": {
			"maxhealthExtraPoints": 8
		}
	},
	{
		"code": "rockhound",
		"type": "positive",
		"attributes": {
			"oreDropRate": 0.5,
			"miningSpeedMul": 1.0
		}
	},
	{
		"code": "nearsightedblessed",
		"type": "negative",
		"attributes": {
			"rangedWeaponsDamage": -0.5,
			"bowDrawingStrength": -0.5,
			"rangedWeaponsAcc": -0.4,
			"rangedWeaponsSpeed": -0.6
		}
	},
	{
		"code": "heavyfooted",
		"type": "negative",
		"attributes": {
			"animalSeekingRange": 0.4
		}
	},
	{
		"code": "butcher",
		"type": "positive",
		"attributes": {
			"animalLootDropRate": 0.5,
			"animalHarvestingTime": -0.75,
			"animalSeekingRange": -0.6
		}
	},
	{
		"code": "sluggish",
		"type": "negative",
		"attributes": {
			"armorWalkSpeedAffectedness": 0.10
		}
	},
	{
		"code": "technicalblessed",
		"type": "positive",
		"attributes": {
			"temporalGearTLRepairCost": -1,
			"mechanicalsDamage": 0.5
		}
	},
	{
		"code": "furtiveblessed",
		"type": "positive",
		"attributes": {
			"animalSeekingRange": -0.5
		}
	},
	{
		"code": "stickyfingers",
		"type": "positive",
		"attributes": {
			"vesselContentsDropRate": 0.70,
			"rustyGearDropRate": 2.0
		}
	},
	{
		"code": "civilblessed",
		"type": "negative",
		"attributes": {
			"animalLootDropRate": -0.5,
			"animalHarvestingTime": 0.3,
			"forageDropRate": -0.3,
			"wildCropDropRate": -0.3
		}
	},
	{
		"code": "dread",
		"type": "negative",
		"attributes": {
			"rustedDamage": -0.25
		}
	},
	{
		"code": "dreadslayer",
		"type": "positive",
		"attributes": {
			"rustedDamage": 0.7,
			"armorDurabilityLoss": -0.3,
			"armorWalkSpeedAffectedness": -0.3
		}
	},
	{
		"code": "greenshadow",
		"type": "positive",
		"attributes": {
			"forageDropRate": 0.4,
			"animalSeekingRange": -0.45
		}
	},
	{
		"code": "servosympathy",
		"type": "negative",
		"attributes": {
			"mechanicalsDamage": -0.35
		}
	},
	{
		"code": "fanatic",
		"type": "positive",
		"attributes": {
			"damageFromMechanicals": -0.35
		}
	},
	{
		"code": "glutton",
		"type": "negative",
		"attributes": {
			"hungerrate": 0.5
		}
	},
	{
		"code": "careless",
		"type": "negative",
		"attributes": {
			"oreDropRate": -0.5
		}
	},
	{
		"code": "farmer",
		"type": "positive",
		"attributes": {
			"cropDropRate": 1.2,
			"wildCropDropRate": 1.0
		}
	},
	{
		"code": "petraphobia",
		"type": "negative",
		"attributes": {
			"oreDropRate": -0.5,
			"miningSpeedMul": -0.5
		}
	},
	{
		"code": "sharpeye",
		"type": "positive",
		"attributes": {
			"rangedWeaponsDamage": 1.7,
			"bowDrawingStrength": 1.5,
			"rangedWeaponsSpeed": 1.25
		}
	},
	{
		"code": "sneaky",
		"type": "positive",
		"attributes": {
			"animalSeekingRange": -0.90,
			"walkspeed": 0.25
		}
	},
	{
		"code": "resourcefulblessed",
		"type": "positive",
		"attributes": {
			"animalLootDropRate": 1.5,
			"animalHarvestingTime": -0.75
		}
	},
	{
		"code": "farsightedblessed",
		"type": "negative",
		"attributes": {
			"meleeWeaponsDamage": -0.40
		}
	},
	{
		"code": "forester",
		"type": "positive",
		"attributes": {
			"logDropRate": 0.75,
			"saplingDropRate": 12,
			"stickDropRate": 1.5,
			"forageDropRate": 0.75
		}
	},
	{
		"code": "rugged",
		"type": "positive",
		"attributes": {
			"maxhealthExtraPoints": 4
		}
	},
	{
		"code": "defender",
		"type": "positive",
		"attributes": {
			"meleeWeaponsDamage": 0.3,
			"armorDurabilityLoss": -0.6,
			"armorWalkSpeedAffectedness": -0.6
		}
	},
	{
		"code": "miner",
		"type": "positive",
		"attributes": {
			"oreDropRate": 1.5,
			"miningSpeedMul": 3.0
		}
	},
	{
		"code": "shrewd",
		"type": "positive",
		"attributes": {
			"animalSeekingRange": -0.60,
			"walkspeed": 0.25
		}
	},
	{
		"code": "rustbane",
		"type": "positive",
		"attributes": {
			"rustedDamage": 0.35
		}
	},
	{
		"code": "bellshocked",
		"type": "negative",
		"attributes": {
			"mechanicalsDamage": -0.5
		}
	},
	{
		"code": "burner",
		"type": "positive",
		"attributes": {
			"charcoalDropRate": 0.75
		}
	},
	{
		"code": "unlikelyharvest",
		"type": "positive",
		"attributes": {
			"flaxFiberChance": 0.25
		}
	},
	{
		"code": "fibrousfolly",
		"type": "positive",
		"attributes": {
			"flaxDropRate": 0.8
		}
	},
	{
		"code": "changeyourclass",
		"type": "negative",
		"attributes": {
			"maxhealthExtraPoints": -10
		}
	}
]